Категория;Имя продукта;Код продукта;Цена, бел.руб ;;;;;
R14;MAXXIS MAV1;185/55R14  80V;609000;4;;;;70
R16;DAYTON D320;205/60r16  92H;913500;2;;;;105
R16;DUNLOP SPORT MAXX;215/55r16 93W;1174500;2;;;;135
R16;KLEBER HYDRAXER;225/55R16  95W;1305000;2;;;;150
R16;ROTALLA F105;225/55R16  99W;783000;2;;;;90
R17;DUNLOP SPORT MAXX;225/45R17   91W;1218000;4;;;;140
R17;NOKIAN HAKKA BLUE;205/50R17 93V;1218000;4;;;;140
R17;GISLAVED ULTRA SPEED;215/50R17 XL 95W;1218000;4;;;;140
R17;ROTALLA F105;225/55R17  101W;870000;2;;;;100
R16;BF GOODRICH MUD TERRAIN;265/75R16 117 S ;2392500;4;;;;275
R16;UNIROYAL RALLYE 4*4 STREET;245/70r16  107H;1305000;4;;;;150
R16;PIRELLI SCORPION VERDE;245/70r16  107V;1479000;8;;;;170
R17;NEXEN CLASSE PREMIERE 641;215/60R17 96H;1174500;4;;;;135
R17;NEXEN CLASSE PREMIERE 641;225/60R17 99H ;1218000;4;;;;140
R17;TOYO PROXES CF1-SUV;225/65R17   102H;1609500;4;;;;185
R17;TOYO  PROXES T1-SPORT;235/65R17   104W;1435500;26;;;;165
R17; MAXXIS A/T771;245/65R17 107 T;1479000;4;;;;170
R17;YOKOHAMA  ADVAN ST802;275/55R17   109W;1827000;4;;;;210
R18;FEDERAL CURAGIA S/U;235/55R18  100V;1305000;2;;;;150
R18;TOYO  PROXES T1-SPORT;235/60R18  107V;1827000;4;;;;210
R18;TOYO  PROXES T1-SPORT;255/55R18  109W;1783500;16;;;;205
R18;NOKIAN  Z SUV;255/55R18  109W;1870500;4;;;;215
R18;YOKOHAMA  G012;285/60R18 116 H;2349000;4;;;;270
R19;VREDESTAIN SESSANTA SUV;255/50R19  107W;2610000;4;;;;300
R19;MICHELIN 4*4 DIAMARIS;255/50R19  103W;3045000;2;;;;350
R19;BRIDGESTONE  TURANZA ER30;255/50R19  103W;2610000;8;;;;300
R19;МICHELIN LATITUDE TOUR HP;255/55R19   111W;3045000;4;;;;350
R19;YOKOHAMA  ADVAN ST802;285/45r19 107V;2914500;2;;;;335
R19;BRIDGESTONE  DUELER H/P SPORT;285/45r19 111W;3001500;2;;;;345
R20;YOKOHAMA  ADVAN ST802;275/40R20 107W;2827500;6;;;;325
R20;YOKOHAMA  ADVAN ST802;315/35R20 107 W;3480000;6;;;;400
R15C;HANKOOK RA 10;195/70R15C104/102R;957000;4;;;;110
R15C;HANKOOK RA 08;195/70R15C104/102R;870000;2;;;;100
R15C;FIRESTONE VANHAWK;195/70R15C104/102R;870000;2;;;;100
R15C;KLEBER TRANSPRO;195/70R15C104/102R;1000500;2;;;;115
R15C;MATADOR MP 320;195/75r16C 107/105R;1000500;4;;;;115
R15C;MICHELIN AGILIS;225/70r15c 112/110R;1435500;2;;;;165
R15C;TOYO H08;225/70r15c 112/110R;1131000;4;;;;130
R15;DAITON DW510;185/60R15 86T;696000;4;;;;80
R15;DAITON DW510;185/65R15 88T;674250;8;;;;77,5
R15;BRIDGESTONE LM32;195/65R15 91T;804750;10;;;;92,5
R15;FIRSTSTOP;195/65R15 91T;652500;16;;;;75
R15;AMTEL NORDMASTER ;205/70R15 96 T;783000;14;;;;90
R16;BRIDGESTONE  NORANZA EVO2 ШИП;205/55R16 94T;1392000;8;;;;160
R16;DAITON DW510;205/55R16 91T;957000;8;;;;110
R16;GOOD YEAR UG8;205/55R16   91H;1218000;12;;;;140
R16;MICHELIN X-ICE2;205/55R16   91t;1305000;4;;;;150
R16;DAITON DW510;215/55R16 93H;1174500;2;;;;135
R16;POINTS WINTER STAR;222/55R16  99H;1218000;8;;;;140
R16;BRIDGESTONE WS70;222/55R16  99T;1653000;;;;;190
R16;DAITON DW510;222/55R16  95T;1218000;4;;;;140
R16;BRIDGESTONE  NORANZA EVO2 ШИП;205/60R16  96H;1435500;;;;;165
R16;UNIROYAL PLUS 66;205/60R16  92H;1087500;4;;;;125
R16;PIRELI WINTER CARVING;205/60R16  96H;1218000;2;;;;140
R16;GOOD YEAR EAGLE UG3;205/60R16  92H;1305000;4;;;;150
R16;GOOD YEAR UG PERFOMANCE 2;205/60R16  92H;1305000;4;;;;150
R16;DAITON DW510;205/60R16  92H;1000500;2;;;;115
R16;KLEBER KRISALP HP2;215/60R16 99H;1305000;4;;;;150
R16;BRIDGESTONE WS70;215/65r16  102H;1392000;24;;;;160
R16;GISLAVED NORDFROST 5;215/65r16  102H;1522500;12;;;;175
R16;SAVA ESKIMO HP;215/65r16  98H;1174500;4;;;;135
R16;KUMHO KW 22;225/60R16   102T;1261500;4;;;;145
R16;MICHELIN X-ICE2;225/60R16   98T;1522500;4;;;;175
R16;TOYO SNOWPROX 942;225/60R16   102T;1305000;2;;;;150
R16;TOYO SNOWPROX 942;235/60R16 104 T;1435500;4;;;;165
R17;NEXEN WINGUARD SPORT;225/45r17   94V;1131000;8;;;;130
R17;NEXEN WINGUARD SPORT;225/50r17   98V;1218000;4;;;;140
R17;BRIDGESTONE WS70;225/50r17   98T;1957500;16;;;;225
R17;TOYO OBSERVE G2S;225/50r17   98T;1609500;4;;;;185
R17;FALKEN HS439;215/55R17 97 V;1522500;8;;;;175
R17;TOYO SNOWPROX 953;225/55R17  101V;1609500;4;;;;185
R17;BRIDGESTONE  NORANZA EVO2 ШИП;225/55R17  101V;2044500;4;;;;235
R17;TOYO SNOWPROX 953;235/55R17 103V;1914000;4;;;;220
R17;BRIDGESTONE WS70;235/55R17 103R;2088000;4;;;;240
R18;NOKIAN HAKKAPELIITTA 7;245/40R18 98T;2392500;2;;;;275
R18;TOYO SNOWPROX 953;245/40R18 98T;2088000;8;;;;240
R16;YOKOHAMA G073;215/70R16 100Q;1348500;2;;;;155
R16;GT RADIAL SAVERO WT;225/70R16;1261500;4;;;;145
R16;GT RADIAL SAVERO WT;245/70r16   107T;1522500;3;;;;175
R17;FALKEN HS439;215/60R17 100H;1435500;4;;;;165
R17;NOKIAN WRG 2 SUV;225/60r17  103V;1609500;4;;;;185
R17;FALKEN  ЛИПА;225/60r17  103V;1566000;4;;;;180
R17;YOKOHAMA IG35;225/65R17   102H;1653000;4;;;;190
R17;TOYO OPWT;225/65R17   102H;1609500;4;;;;185
R17;NOKIAN WRG 2 SUV;225/65R17   102H;1522500;4;;;;175
R17;HANKOOK W310;235/60R17 102V;1609500;4;;;;185
R18;BRIDGESTONE BLIZZAK DMV-1;225/55R18 99 V;2392500;4;;;;275
R18;TOYO OPWT;225/55R18 99 V;2001000;4;;;;230
R18;Dunlop WINTER ICE 01 шип;235/55R18 99T;2392500;4;;;;275
R18;GOOD YEAR ULTRA GRIP ICE WRT;235/55R18 100T;2131500;4;;;;245
R17;BRIDGESTONE BLIZZAK DMV-1;235/65r17  108R;2088000;8;;;;240
R17;YOKOHAMA IG35;235/65r17  104Q;1696500;4;;;;195
R17;Dunlop GRANDTREK SJ6;235/65r17  104Q;1957500;8;;;;225
R17;AURORA;235/65r17  104Q;1392000;4;;;;160
R17;PIRELLI SCORPION ICE&SNOW;265/65R17;2131500;4;;;;245
R17;NOKIAN HAKKAPELIITTA 5 SUV;275/65R17 ;1827000;4;;;;210
R18;yokohama G 073;225/60r18   100Q;2175000;4;;;;250
R18;dunlop GRANDTREK  SJ6;225/65R18   103Q;1740000;4;;;;200
R18;MARANGONI METEO HP SUV;235/60r18  107V;1696500;4;;;;195
R18;TOYO OPWT;235/60r18  107H;1870500;4;;;;215
R18;YOKOHAMA G072;255/55К18 108Q;1740000;4;;;;200
R18;HANKOOK RW 11;255/55К18 108T;1740000;4;;;;200
R18;YOKOHAMA IG35;265/60К18 108H;2044500;8;;;;235
R18;NOKIAN HAKKAPELIITTA R;265/60К18 108H;2175000;4;;;;250
R19;YOKOHAMA G073;235/55к19  101Q;2610000;8;;;;300
R19;PIRELLI SCORPION ICE&SNOW;255/50r19  107H;2827500;8;;;;325
R19;YOKOHAMA G073;255/50r19  107H;2392500;8;;;;275
R19;YOKOHAMA IG20;255/50r19  103Q;2262000;4;;;;260
R19;PIRELLI SCORPION ICE&SNOW;285/45К19  107 V;3697500;12;;;;425
R20;BRIDGESTONE  ICE CRUISER 7000 ;275/40к20 106Q;3262500;4;;;;375
R20;TOYO OPWT;275/45к20 110V;2827500;4;;;;325
R20;KUMHO KC 15;275/45к20 110W;2610000;4;;;;300
R20;BRIDGESTONE  BLIZZAK DMV-1;275/45к20 110R;3175500;8;;;;365
R20;TOYO OBSERVE GSI-5;275/40к20 106Q;3045000;4;;;;350
R20;TOYO OBSERVE GSI-5;315/35R20 107 Q;3915000;4;;;;450
R14C;FIRESTONE VANHAWK WINTER;185R14C 102/100R;804750;2;;;;92,5
R15C;MICHELIN AGILIS ALPIN;195/70r15c 104/102R;1218000;2;;;;140
R15C;GISLAVED NORDFROST VAN ;195/70r15c 104/102R;1087500;14;;;;125
R15C;MAXMILLER WT;195/70r15c 104/102R;957000;16;;;;110
R15C;FIRESTONE WINHAWK;225/70r15c 112/110R;1305000;;;;;150
R15C;PIRELLI CRONO WINTER;225/70r15c  112/110Q;1392000;4;;;;160
R15C;TOYO H09;225/70r15c  112/110Q;1305000;2;;;;150
R16C;GISLAVED NORDFROST VAN ШИП;195/75r16C 107/105R;1305000;8;;;;150
R16C;PIRELLI CRONO WINTER;195/75r16C 107/105R;1305000;4;;;;150
R16C;GOODYEAR CARGO UG;195/75r16C 107/105R;1348500;4;;;;155
R16C;VREDESTAIN COMTRAC WIN;215/75R16C;1609500;2;;;;185
R16C;FIRESTONE VANHAWK WINTER;205/65R16C 105/103T;1326750;4;;;;152,5
R16C;FIRESTONE WINTERHAWK;215/65R16C 109/107;1348500;4;;;;155
R16C;KLEBER TRANSALP 2;235/65R16C 115/113;1653000;2;;;;190
R16C;tOYO ;235/65R16C 115/113;1740000;8;;;;200
