categories;product_name;product_code;price_value;;;;;;;;
R13;Yokohama     ICE GUARD IG20;135/80R13 /70Q  /зима /;556800;;;;;;;;64
R13;Marshal 749;135/80R13 /70Q /зима /Корея;556800;;;;;;;;64
R13;Kormoran SNOWPRO M+S;145/70R13  /71Q  /зима /сербия20.11г.;556800;;;;;;;;64
R13;Trayal ARCTICA;145/80R13 /75T /зима /;556800;;;;;;;;64
R13;Kormoran SNOWPRO M+S BW;155/65R13  /73Q /зима /польша47.10г.;556800;;;;;;;;64
R13;Dayton  DW510;155/65R13 /73T /зима /италия35.12г.;556800;;;;;;;;64
R13;Kormoran IMPULSER B2;155/65R13  /73T   /лето /сербия;565500;;;;;;;;65
R13;Tigar SIGURA;155/65R13  /73T   /лето /сербия;548100;;;;;;;;63
R13;Good Year    GT3;155/70R13 /T /лето /;600300;;;;;;;;69
R13;Pirelli P3000;155/70R13   /75T /лето /турция10.10г.;556800;;;;;;;;64
R13;Debica NAVIGATOR 2;155/70R13    /75T /все.з. /польша;539400;;;;;;;;62
R13;Matador-slov MP-16;155/70R13 /75T /лето /словакия;539400;;;;;;;;62
R13;Debica PASSIO-2;155/70R13 /75T /лето /польша 50.10.;495900;;;;;;;;57
R13;Белшина БЕЛ-391;155/70R13  / /все.з /беларусь;391500;;;;;;;;45
R13;Bf goodrich  WINTER G GO;155/70R13  /75T TL   /зима /;669900;;;;;;;;77
R13;Barum NORPOLARIS шип;155/70R13 /75Q /зима /германия35.08г.;565500;;;;;;;;65
R13;Trayal T-200;155/80R13 /79T /зима /;522000;;;;;;;;60
R13;AUSTONE CSR40;155/80R13 / /лето /китай;513300;;;;;;;;59
R13;Bf goodrich WINTER G DT GO;165/70R13  / 79T TL  /зима /;687300;;;;;;;;79
R13;Barum NORPOLARIS шип;165/70R13 /79Q /зима /германия38.08г.;600300;;;;;;;;69
R13;Dayton  DW700S;165/70R13  /79T  /зима /италия36.10г.;574200;;;;;;;;66
R13;Kormoran IMPULSER;165/70R13 /79T /лето /сербия 6.11.;565500;;;;;;;;65
R13;Dayton  DW700S;165/80R13   /83Q /зима /;582900;;;;;;;;67
R13;Kormoran IMPULSER B-2;165/80R13 /83T /лето /сербия 5.11.;609000;;;;;;;;70
R13;Nexen   Classe Premier;175/60R13  /77H /лето /ю.корея;513300;;;;;;;;59
R13;Tigar SIGURA;175/65R13  /80T   /лето /сербия;574200;;;;;;;;66
R13;Falken HS 439;175/70R13 /82T /зима /япония24.11г.;652500;;;;;;;;75
R13;Dayton  DW510;175/70R13 /82T /зима /италия21.12г.;643800;;;;;;;;74
R13;Hankook H730 (Optimo 4S);175/70R13  /82T /зима /;643800;;;;;;;;74
R13;Nokian WR G-2;175/70R13 /82T /зима /фины;635100;;;;;;;;73
R13;Tigar SIGURA шип;175/70R13 /82T /зима /сербия;609000;;;;;;;;70
R13;Nokian W+;175/70R13 /82T /зима /россия;609000;;;;;;;;70
R13;Premiorri VIAMAGGIORE;175/70R13  /82T /зима /;478500;;;;;;;;55
R13;Rosava WQ-102;175/70R13  / /зима /;478500;;;;;;;;55
R13;Rosava WQ-101;175/70R13  / /зима /;478500;;;;;;;;55
R13;Sava PERFECTA;175/70R13 /82T /лето /;539400;;;;;;;;62
R13;NEXEN CP 661;175/70R13 / /лето /корея 09.12;513300;;;;;;;;59
R13;Rosava BC-43;175/70R13 / /все.з /украина;452400;;;;;;;;52
R13;Rosava BC-48;175/70R13 / /все.з /украина;443700;;;;;;;;51
R13;Белшина БЕЛ-101;175/70R13 M+S /82H /все.з /беларусь;426300;;;;;;;;49
R13;Белшина БЕЛ-103;175/70R13 M+S /82H /все.з /беларусь;435000;;;;;;;;50
R13;Courier DRIVER;185/70R13  /86T  /лето /турция30.09г.;582900;;;;;;;;67
;R14;;0;;;;;;;;
R14;Roadstone Euro-win;155/65R14 /75T /зима /ю.корея;739500;;;;;;;;85
R14;Firestone WINTERHAWK 2 EVO;155/65R14 /75T /зима /франция24.12г.;713400;;;;;;;;82
R14;Roadstone EURO-WIN 650;155/65R14 /75T /зима /корея43.11г.;678600;;;;;;;;78
R14;Fulda ECOCONTROL;155/65R14 /75T /лето /;748200;;;;;;;;86
R14;Barum BRILLANTIS-2;155/65R14 /75T /лето /;704700;;;;;;;;81
R14;Matador-slov MP-16;155/65R14 /75T /лето /словакия;661200;;;;;;;;76
R14;Nokian HAKKA GREEN;155/65R14XL /75T /лето /;635100;;;;;;;;73
R14;Gislaved Euro*Frost 5;165/65R14    /79T /зима /;687300;;;;;;;;79
R14;Barum POLARIS 3;165/65R14   /79T /зима /;687300;;;;;;;;79
R14;Roadstone EURO-WIN 650;165/65R14   /79T /зима /корея41.11г.;661200;;;;;;;;76
R14;Kormoran SNOWPRO M+S;165/65R14   /79T /зима /чехия42.10г.;652500;;;;;;;;75
R14;Tigar SIGURA;165/65R14 /79T /лето /сербия;574200;;;;;;;;66
R14;Vredestein T-TRAC;165/65R14 /T /лето /россия25.08г.;556800;;;;;;;;64
R14;Roadstone EURO-WIN 700;165/70R14 /81T  /зима /корея33.12г.;696000;;;;;;;;80
R14;Gislaved Euro*Frost 5;165/70R14  /81T /зима /;696000;;;;;;;;80
R14;Barum POLARIS 3;165/70R14 /81T /зима /;696000;;;;;;;;80
R14;Dayton  DW510 LAML;165/70R14 /81T  /зима /италия25.12г.;696000;;;;;;;;80
R14;Premiorri VIAMAGGIORE;165/70R14 /81T /зима /;539400;;;;;;;;62
R14;Hankook OPTIMO K-715;165/70R14 /81T /лето /ю.корея;626400;;;;;;;;72
R14;Vredestein T-TRAC;165/70R14 /T /лето /россия25.08г.;565500;;;;;;;;65
R14;Dayton  DW510;175/65R14 /82T /зима /италия25.12г.;704700;;;;;;;;81
R14;Hankook H730 (Optimo 4S);175/65R14 /86T /зима /;696000;;;;;;;;80
R14;Nokian W+;175/65R14 /82T /зима /россия;678600;;;;;;;;78
R14;Roadstone WINGUARD-SNOW'G;175/65R14 /82T /зима /;661200;;;;;;;;76
R14;Imperial SNOWDRAGON 2 ICE-PLUS S110;175/65R14 /82T /зима /;582900;;;;;;;;67
R14;Bf goodrich G-GRIP GO;175/65R14  /82T   /лето /польша;678600;;;;;;;;78
R14;Nokian HAKKA GREEN;175/65R14 /82T /лето /россия;609000;;;;;;;;70
R14;Nokian Nodman SX;175/65R14 /82T /лето /россия;565500;;;;;;;;65
R14;Rosava BC-50;175/65R14  / /лето /украина;504600;;;;;;;;58
R14;Rosava SQ-201;175/65R14 / /лето /украина;487200;;;;;;;;56
R14;Dunlop GRASPIC DS-3;175/70R14 /84Q /зима /япония;791700;;;;;;;;91
R14;Yokohama F700Z шип;175/70R14 /84Q /зима /;774300;;;;;;;;89
R14;Dunlop SP WINTER ICE01 шип;175/70R14 /84T /зима /япония;756900;;;;;;;;87
R14;Dayton  DW700S шип;175/70R14  /84T  /зима /;748200;;;;;;;;86
R14;Gislaved Euro*Frost 5;175/70R14 /84T /зима /;713400;;;;;;;;82
R14;Dayton  DW510;175/70R14 /84T /зима /италия25.12г.;704700;;;;;;;;81
R14;Hankook W409;175/70R14 /84T /зима /;696000;;;;;;;;80
R14;Hankook H730 (Optimo 4S);175/70R14XL /88T /зима /;696000;;;;;;;;80
R14;Hankook W442;175/70R14 /84T /зима /;696000;;;;;;;;80
R14;Nokian W+;175/70R14 /84T /зима /россия;696000;;;;;;;;80
R14;Nexen   Euro-win;175/70R14 /84T /зима /ю.корея;678600;;;;;;;;78
R14;Tigar SIGURA шип;175/70R14 /84T /зима /сербия;661200;;;;;;;;76
R14;Roadstone EURO-WIN 700;175/70R14 /84T /зима /;652500;;;;;;;;75
R14;Cordiant  Polar-2;175/70R14 / /зима /россия;635100;;;;;;;;73
R14;Saulin ICE BLAZER WSL2;175/70R14 /84T /зима /;609000;;;;;;;;70
R14;Rosava WQ-101;175/70R14 / /зима /украина;522000;;;;;;;;60
R14;Barum BRILLANTIS 2;175/70R14  /84Т /лето /;696000;;;;;;;;80
R14;Dunlop  EC 201;175/70R14 /84T /лето /индонезия;678600;;;;;;;;78
R14;Debica NAVIGATOR 2;175/70R14 /84T /все.з. /польша;678600;;;;;;;;78
R14;Kormoran IMPULSER B;175/70R14 /84T /лето /чехия 7.11.;652500;;;;;;;;75
R14;Barum POLARIS 3;175/80R14 /88T /зима /;783000;;;;;;;;90
R14;Sava Eskimo S3 +;175/80R14 /88T /зима /;783000;;;;;;;;90
R14;Matador-slov MP-52;175/80R14 /88T /зима /словакия;748200;;;;;;;;86
R14;Amtel  M-512 Amtel NordMaster 2;175/80R14 / /зима /россия;669900;;;;;;;;77
R14;Kumxo(marchal) KR11;175/80R14  /88T   /лето /китай;713400;;;;;;;;82
R14;Sava Eskimo S3 +;185/60R14 /82T /зима /;730800;;;;;;;;84
R14;Nexen   Win-231;185/60R14 /82T /зима /китай;730800;;;;;;;;84
R14;Kormoran SNOWPRO M+S;185/60R14 /82T /зима /чехия17.12г.;713400;;;;;;;;82
R14;Diplomat Diplomat MS;185/60R14 /82T /зима /;713400;;;;;;;;82
R14;Rosava WQ-102;185/60R14 / /зима /;504600;;;;;;;;58
R14;Nokian HAKKA GREEN;185/60R14 /82T /лето /;739500;;;;;;;;85
R14;Barum BRILLANTIS 2;185/60R14 /82H /лето /;678600;;;;;;;;78
R14;Diplomat H;185/60R14 /82H /лето /польша;661200;;;;;;;;76
R14;Ceat  SPIDER;185/60R14  /82T  /лето /турция43.09г.;643800;;;;;;;;74
R14;Debica NAVIGATOR;185/60R14    /82T /все.з. /польша;643800;;;;;;;;74
R14;Nexen   N-5000;185/60R14 /82H /лето /ю.корея;591600;;;;;;;;68
R14;Dayton  D210;185/60R14 /82H /лето /италия;609000;;;;;;;;70
R14;Rosava QUARTUM S-49;185/60R14 / /лето /украина;478500;;;;;;;;55
R14;Firestone WINTERHAWK 2;185/65R14 /86T /зима /франция;800400;;;;;;;;92
R14;Gislaved Euro*Frost 5;185/65R14 /86T /зима /;748200;;;;;;;;86
R14;Hankook H730 (Optimo 4S);185/65R14 /86T /зима /;739500;;;;;;;;85
R14;Matador-slov MP-52;185/65R14 /86T /зима /словакия;730800;;;;;;;;84
R14;Barum POLARIS 3;185/65R14  /86T /зима /;713400;;;;;;;;82
R14;Diplomat Diplomat MS;185/65R14 /86T /зима /;713400;;;;;;;;82
R14;Dayton  DW700S;185/65R14  /86T  /зима /;696000;;;;;;;;80
R14;Nokian  WR G2;185/65R14 /90H /зима /;696000;;;;;;;;80
R14;Nokian  W+;185/65R14 /86T /зима /;713400;;;;;;;;82
R14;Amtel  NordMaster К-245;185/65R14 / /зима /россия;582900;;;;;;;;67
R14;Premiorri VIAMAGGIORE;185/65R14 /86T /зима /;548100;;;;;;;;63
R14;Kleber  DYNAXER HP3;185/65R14  /86T   /лето /польша;756900;;;;;;;;87
R14;DUNLOP ECO EC201;185/65R14 / /лето /индонез;713400;;;;;;;;82
R14;Amtel NV-114;185/65R14  /86T /лето /россия;556800;;;;;;;;64
R14;Белшина БЕЛ-94;185/65R14  /86H /все.з. /;504600;;;;;;;;58
R14;Tigar WINTER 1 TG;185/70R14 /88T  /зима /;774300;;;;;;;;89
R14;Nokian  W+;185/70R14 /88T /зима /;730800;;;;;;;;84
R14;Hankook H730 (Optimo 4S);185/70R14 /88T /зима /;748200;;;;;;;;86
R14;Dayton  DW700S;185/70R14 /88T  /зима /италия19.10г.;696000;;;;;;;;80
R14;Cordiant  Polar-2;185/70R14 / /зима /россия;643800;;;;;;;;74
R14;Rosava WQ-103;185/70R14 / /зима /;565500;;;;;;;;65
R14;DUNLOP ECO EC201;185/70R14 / /лето /индонез;722100;;;;;;;;83
R14;Nokian HAKKA GREEN;185/70R14 /88T /лето /россия;739500;;;;;;;;85
R14;NEXEN CP 661;185/70R14 / /лето /корея;669900;;;;;;;;77
R14;Austone CSR72;185/70R14  /88S /лето /китай;617700;;;;;;;;71
R14;Rosava BC-43;185/70R14  /88H /лето /украина;539400;;;;;;;;62
R14;Rosava BC-40;185/70R14 /88 /все.з /украина;539400;;;;;;;;62
R14;Белшина БЕЛ-113;185/70R14 /88T /лето /беларусь;539400;;;;;;;;62
R14;Vredestein SNOWTRAK 2;195/60R14 /T /зима /голландия37.07г.;722100;;;;;;;;83
R14;Nexen   Classe Premier 641;195/60R14 /86H /лето /ю.корея;748200;;;;;;;;86
R14;Kormoran RUNPRO B2;195/60R14 /86H /лето /Сербия;722100;;;;;;;;83
R14;Austone CSR72;195/70R14 /91S /лето /китай;713400;;;;;;;;82
R14;Nordic ICE TRAC;205/70R14 /93Q /зима /usa36.04г.;696000;;;;;;;;80
R14;Nordic WINTER TRAC;205/70R14 /93Q /зима /usa36.04г.;0;;;;;;;;0
R14;Austone CSR72;205/70R14 /95T   /лето /китай;713400;;;;;;;;82
R14;CHENGSHAN CSR72;205/70R14 / /лето /китай;722100;;;;;;;;83
R14;Voltyre VS-1;205/70R14 /95S /все.з. /россия;626400;;;;;;;;72
;;;0;;;;;;;;
R15;Kleber KRISALP HP2;175/65R15 /84T  /зима /румыния43.11г.;826500;;;;;;;;95
R15;Dayton  DW510;175/65R15 /84T /зима /италия17.12г.;739500;;;;;;;;85
R15;Bridgestone B-250;175/65R15 /84S /лето /япония;835200;;;;;;;;96
R15;Marshal KH-35;175/65R15 /H /лето /ю.корея50.07г.;696000;;;;;;;;80
R15;Pirelli P-3000;175/65R15 / /лето /англия;687300;;;;;;;;79
R15;Pirelli(Б/У) P-3000(5мм);175/65R15(Б/У) / /лето /12.2006г.;261000;;;;;;;;30
R15;Roadstone EURO-WIN 550;185/55R15 /82H /зима /корея35.11г.;913500;;;;;;;;105
R15;Kormoran  Gamma B2;185/55R15  /82V /лето /сербия;887400;;;;;;;;102
R15;Roadstone N-2000;185/55R15 /82V /лето /ю.корея;783000;;;;;;;;90
R15;Premiorri SOLAZO;185/55R15  /82H /лето /украина;609000;;;;;;;;70
R15;Firestone WINTERHAWK 2 EVO;185/60R15 /84T /зима /испания27.12г.;852600;;;;;;;;98
R15;Fulda Kristall Montero 3;185/60R15 /84T /зима /;843900;;;;;;;;97
R15;Hankook H730 (Optimo 4S);185/60R15XL /88T /зима /;809100;;;;;;;;93
R15;Roadstone EURO-WIN 600;185/60R15 /84T /зима /корея41.11г.;800400;;;;;;;;92
R15;TIGAR Winter;185/60R15 /88T /зима /сербия;800400;;;;;;;;92
R15;Barum POLARIS 3;185/60R15 /84T /зима /;783000;;;;;;;;90
R15;Firestone WINTERHAWK 2 EVO;185/60R15 /82T /зима /испания27.12г.;774300;;;;;;;;89
R15;Tigar WINTER 1;185/60R15XL /88T /зима /сербия;748200;;;;;;;;86
R15;Premiorri VIAMAGGIORE;185/60R15  /84T /зима /;661200;;;;;;;;76
R15;Pirelli P6000;185/60R15XL  /88H /лето /турция51.09г.;843900;;;;;;;;97
R15;Avon ZV-3;185/60R15 /84H /лето /США;843900;;;;;;;;97
R15;Sava INTENSA;185/60R15 /84H /лето /польша;843900;;;;;;;;97
R15;Michelin ALPIN A4 GRNX MI;185/65R15  /88T TL /зима /;1157100;;;;;;;;133
R15;Pirelli SNOWCONTROL 190;185/65R15 /88T /зима /италия;1026600;;;;;;;;118
R15;Bf goodrich G-FORCE WINTER GO;185/65R15  /88T TL  /зима /;896100;;;;;;;;103
R15;Nokian Nodman Nodrman RS;185/65R15XL /90R /зима /россия;852600;;;;;;;;98
R15;Roadstone EURO-WIN 650;185/65R15 /88T /зима /корея34.12г.;783000;;;;;;;;90
R15;Hankook H730 (Optimo 4S);185/65R15 /88H /зима /;783000;;;;;;;;90
R15;Nokian W+;185/65R15 /88T /зима /россия;783000;;;;;;;;90
R15;Tigar Winter 1;185/65R15 / /зима /сербия;765600;;;;;;;;88
R15;Matador-slov MP 59;185/65R15 /88T /зима /словакия;748200;;;;;;;;86
R15;Saulin ICE BLAZER;185/65R15 /88T /зима /;678600;;;;;;;;78
R15;Nokian HKPL-1 шип;185/65R15 /T /зима /фины;522000;;;;;;;;60
R15;Rosava WQ-101;185/65R15 / /зима /;582900;;;;;;;;67
R15;Kleber DYNAXER HP3;185/65R15 /88T  /лето /Румыния;800400;;;;;;;;92
R15;Kormoran IMPULSER B;185/65R15 /88T  /лето /Чехия;713400;;;;;;;;82
R15;Dunlop ECO EC201;185/65R15 /88T /лето /индонезия;774300;;;;;;;;89
R15;Tigar Sigura TG;185/65R15  /88T /лето /сербия;678600;;;;;;;;78
R15;Rosava SQ-201;185/65R15 /88 /лето /украина;574200;;;;;;;;66
R15;Rosava QUARTUM S-49;185/65R15 / /лето /украина;556800;;;;;;;;64
R15;Dayton  DW510;195/50R15 /82T /зима /италия;870000;;;;;;;;100
R15;Matador-slov MP 59;195/50R15 /82T /зима /словакия;783000;;;;;;;;90
R15;Nexen   Classe Premier 641;195/50R15 /82V /лето /ю.корея;756900;;;;;;;;87
R15;Pirelli P6;195/50R15   /82V /лето /румыния;748200;;;;;;;;86
R15;Barum Bravuris 2;195/50R15 /82V /лето /;756900;;;;;;;;87
R15;Debica PRESTO;195/50R15 /82V  /лето /Словения;730800;;;;;;;;84
R15;Sava INTENSA HP;195/50R15  /82H /лето /Словения;704700;;;;;;;;81
R15;Nokian WR G-2;195/55R15 /82T /зима /россия;965700;;;;;;;;111
R15;Nokian HKPL-4;195/55R15XL / /зима /финляндия47.08г.;939600;;;;;;;;108
R15;Sunny  SN3830 SNOWMASTER;195/55R15 /85H /зима /;713400;;;;;;;;82
R15;Tigar HITRIS;195/55R15 /85H /лето /сербия;826500;;;;;;;;95
R15;Kormoran RUNPRO B2;195/55R15 /85H /лето /Сербия;826500;;;;;;;;95
R15;Bf goodrich G-FORCE WINTER GO;195/60R15  /88T TL /зима /;957000;;;;;;;;110
R15;Firestone WINTERHAWK 2;195/60R15 /88T /зима /франция;904800;;;;;;;;104
R15;Dayton  DW510;195/60R15 /88T /зима /италия17.12г.;791700;;;;;;;;91
R15;Austone ATHENA SP-9;195/60R15  /88T /зима /китай;765600;;;;;;;;88
R15;Premiorri VIAMAGGIORE;195/60R15 /88T /зима /;652500;;;;;;;;75
R15;Kelly HP;195/60R15 /88H /лето /польша;826500;;;;;;;;95
R15;Kormoran RUNPRO B;195/60R15 /88H /лето /Чехия;748200;;;;;;;;86
R15;Austone CSR62;195/60R15  /88H /лето /китай;696000;;;;;;;;80
R15;Rosava BC-49;195/60R15 /88T /все.з /украина;652500;;;;;;;;75
R15;Michelin ALPIN A4 GRNX MI;195/65R15XL /95T XL   /зима /;1131000;;;;;;;;130
R15;Nokian WR G-2;195/65R15 /T /зима /россия;1070100;;;;;;;;123
R15;Good Year ULTRA GRIP 8;195/65R15  /91T /зима /германия35.12г.;948300;;;;;;;;109
R15;Good Year ULTRA GRIP 7+;195/65R15 /91T /зима /польша38.12г.;922200;;;;;;;;106
R15;Yokohama     F700P шип;195/65R15  /91Q /зима /филипины28.10г.;913500;;;;;;;;105
R15;Bf goodrich G-FORCE WINTER GO;195/65R15 /91T  /зима /англия25.12г.;870000;;;;;;;;100
R15;Fulda Kristall Montero 3;195/65R15  /91T  /зима /;870000;;;;;;;;100
R15;Bridgestone LM32;195/65R15 /91T /зима /франция33.12г.;843900;;;;;;;;97
R15;Firestone WINTERHAWK 2 EVO;195/65R15 /91T /зима /ф43.11г.ранция;843900;;;;;;;;97
R15;Hankook H730 (Optimo 4S);195/65R15 /91H /зима /;817800;;;;;;;;94
R15;Roadstone EURO-WIN 650;195/65R15XL /95T /зима /ю.корея;817800;;;;;;;;94
R15;Tigar SIGURA шип;195/65R15XL /95T /зима /сербия;817800;;;;;;;;94
R15;Sportiva SNOW WIN;195/65R15 /91T /зима /;809100;;;;;;;;93
R15;Nokian WR G-2;195/65R15 /91T /зима /россия;826500;;;;;;;;95
R15;Nokian W+;195/65R15 /91T /зима /россия;800400;;;;;;;;92
R15;Roadstone WINGUARD-SNOW'G;195/65R15 /91T /зима /;783000;;;;;;;;90
R15;Nexen   Euro-win;195/65R15 /91T /зима /ю.корея;765600;;;;;;;;88
R15;Roadstone EURO-WIN 650;195/65R15RF /95T /зима /;765600;;;;;;;;88
R15;Tigar Winter 1;195/65R15 /91T /зима /сербия09.11г.;765600;;;;;;;;88
R15;Dayton  DW510 LAML;195/65R15 /91T /зима /италия41.12г.;739500;;;;;;;;85
R15;Diplomat Diplomat MS;195/65R15  /91T /зима /;739500;;;;;;;;85
R15;Amtel NordMaster ST(K-243);195/65R15 /91T /зима /россия;696000;;;;;;;;80
R15;Austone ATHENA SP-9;195/65R15 /91H /зима /китай;696000;;;;;;;;80
R15;Rosava WQ-102;195/65R15 / /зима /;635100;;;;;;;;73
R15;Tunga Extrime contact;195/65R15 /91Q /зима /россия;609000;;;;;;;;70
R15;Michelin Energy Saver GRNX;195/65R15 /91T /лето /россия;1000500;;;;;;;;115
R15;Nokian HAKKA GREEN;195/65R15XL /95T /лето /россия;957000;;;;;;;;110
R15;Pirelli P6;195/65R15 /91T /лето /Германия;930900;;;;;;;;107
R15;Dunlop ECO EC201;195/65R15 /91T /лето /индонезия;913500;;;;;;;;105
R15;Barum BRILLANTIS 2;195/65R15 /91T /лето /словакия;783000;;;;;;;;90
R15;Fulda ECOCONTROL;195/65R15 /91T /лето /;783000;;;;;;;;90
R15;Debica NAVIGATOR 2;195/65R15 /91T /все.з. /польша;765600;;;;;;;;88
R15;Kormoran RUNPRO B2;195/65R15 /91H /лето /cербия;713400;;;;;;;;82
R15;Kormoran IMPULSER B2;195/65R15 /91T /лето /Сербия;713400;;;;;;;;82
R15;Tigar SIGURA;195/65R15 /91T /лето /сербия;669900;;;;;;;;77
R15;Amtel  NV-115;195/65R15 /91H /лето /;652500;;;;;;;;75
R15;Cordiant  Standart;195/65R15 /91H /лето /россия;609000;;;;;;;;70
R15;Rosava SQ-201;195/65R15 /91 /лето /украина;609000;;;;;;;;70
R15;Sava INTENSA;205/50R15 /86V /лето /польша;974400;;;;;;;;112
R15;Nokian WR G-2;205/60R15XL /95H /зима /фины;1000500;;;;;;;;115
R15;Dunlop DS-2;205/60R15 /91Q /зима /;1009200;;;;;;;;116
R15;Nokian  WR G2;205/60R15XL /95H /зима /финляндия;957000;;;;;;;;110
R15;Hankook W310;205/60R15  /91Н /зима /;957000;;;;;;;;110
R15;Nokian  W+;205/60R15 /91H /зима /;870000;;;;;;;;100
R15;Kormoran RUNPRO B2;205/60R15 /91H /лето /Сербия;783000;;;;;;;;90
R15;Kormoran RUNPRO B2;205/60R15 /91H /лето /Сербия;783000;;;;;;;;90
R15;Rapid P309;205/60R15 /91V  /лето /;739500;;;;;;;;85
R15;Michelin ALPIN A4 GRNX MI;205/65R15  /94T TL  /зима /;1513800;;;;;;;;174
R15;Nokian Hakkapelita R;205/65R15XL /99R /зима /россия;1392000;;;;;;;;160
R15;Nokian WR G-2;205/65R15XL /99H /зима /фины;1000500;;;;;;;;115
R15;Dayton  DW510;205/65R15 /94T /зима /италия36.12г.;1000500;;;;;;;;115
R15;Roadstone EURO-WIN 650;205/65R15 /94T /зима /ю.корея;939600;;;;;;;;108
R15;Rosava WQ-101;205/65R15 / /зима /украина;739500;;;;;;;;85
R15;Rosava WQ-101;205/65R15 / /зима /;687300;;;;;;;;79
R15;Nokian HAKKA GREEN;205/65R15XL /99H /лето /россия;1087500;;;;;;;;125
R15;Kelly HP;205/65R15 /94H /лето /польша;930900;;;;;;;;107
R15;Rosava QUARTUM S-49;205/65R15  / /лето /украина;696000;;;;;;;;80
R15;Rosava SQ-201;205/65R15 /94 /лето /украина;696000;;;;;;;;80
R15;Dunlop  GRASPIC DS-3;205/70R15 /  96Q  /зима /япония;1174500;;;;;;;;135
R15;Roadstone WINGUARD-SUV;205/70R15 /96T /зима /;974400;;;;;;;;112
R15;Dunlop GRANDTREK AT3;205/70R15   /96T /лето /тайланд;1157100;;;;;;;;133
R15;Amtel K-175;205/70R15 /T /лето /россия;748200;;;;;;;;86
R15;Белшина БЕЛ-121;205/70R15 / /все.з. /;661200;;;;;;;;76
R15;Кама Кама-515;205/75R15 / /зима /россия;887400;;;;;;;;102
R15;Кама EURO-517;205/75R15 / /зима /россия;896100;;;;;;;;103
R15;Cooper TRENDSETTER SE;205/75R15  /97S  /лето /;1044000;;;;;;;;120
R15;Kama EURO-228;205/75R15  / /лето /россия;904800;;;;;;;;104
R15;Dunlop GRASPIC DS-3;215/65R15 / 96Q /зима /;1226700;;;;;;;;141
R15;Nokian  WR G2;215/65R15XL /100H /зима /финляндия;1218000;;;;;;;;140
R15;Hankook W442;215/65R15 /96T /зима /;1131000;;;;;;;;130
R15;Nexen   CP-661;215/65R15 / /лето /китай;1000500;;;;;;;;115
R15;Bf goodrich PREMIER TOURING;215/65R15 /95T /все.з. /08г.;957000;;;;;;;;110
R15;Nexen   Roadian A/T;215/70R15  /97T  /лето /ю.корея;1139700;;;;;;;;131
R15;Michelin X-ICE2;215/70R15 / /зима /япония;1435500;;;;;;;;165
R15;Nokian  WR G2;215/70R15 /98H /зима /россия;1174500;;;;;;;;135
R15;Dunlop AT3;215/75R15 / /все.з. /тайланд;1296300;;;;;;;;149
R15;COOPER CS4 TOURING;225/60R15 /96H /лето /сша;1305000;;;;;;;;150
;;;0;;;;;;;;
R16;Hankook K-105;195/50R16XL /88V /лето /ю.корея;1322400;;;;;;;;152
R16;Kumho   I'ZEN WIS - KW19;195/50R16 /84T  /зима /Корея;1392000;;;;;;;;160
R16;Petlas SNOWMASTER W651;195/50R16 /84H /зима /турция29.12г.;1191900;;;;;;;;137
R16;Firestone WINTERHAWK 2;195/55R16 / /зима /;1331100;;;;;;;;153
R16;Kumho   KH-15;195/55R16 /87H /лето /ю.корея;1131000;;;;;;;;130
R16;Barum  Bravuris-2;195/55R16 /87V /лето /румыния;1044000;;;;;;;;120
R16;Dean EQUUS LSI;205/50R16 /87H /лето /америка;1261500;;;;;;;;145
R16;Matador-slov MP43;205/50R16 / /лето /словакия;1009200;;;;;;;;116
R16;Nokian  Hakkapelita R;205/55R16XL /94R /зима /россия;1653000;;;;;;;;190
R16;Continental ContiWinterCon. TS850;205/55R16 /91T /зима /румыния21.12г.;1653000;;;;;;;;190
R16;Nokian WR G-2;205/55R16 /91H /зима /россия;1348500;;;;;;;;155
R16;Pirelli W210 SNOWSPORT;205/55R16 /91H /зима /;1365900;;;;;;;;157
R16;Hankook H730 (Optimo 4S);205/55R16 /91H /зима /;1261500;;;;;;;;145
R16;Nokian  WR A3;205/55R16XL /91H /зима /;1218000;;;;;;;;140
R16;Gislaved Euro*Frost 5;205/55R16XL /94H /зима /;1218000;;;;;;;;140
R16;Pirelli-Ceat  Snow;205/55R16 / /зима /;1174500;;;;;;;;135
R16;Nokian  WR A3;205/55R16 /91H /зима /;1157100;;;;;;;;133
R16;Roadstone Euro-win;205/55R16 / /зима /ю.корея;1139700;;;;;;;;131
R16;Nokian Nodman Nodrman RS;205/55R16XL /94R /зима /россия;1148400;;;;;;;;132
R16;Nokian WR G-2;205/55R16 /91H /зима /россия;1104900;;;;;;;;127
R16;Roadstone WINGUARD-SPORT;205/55R16 /91T /зима /;1104900;;;;;;;;127
R16;Aurora UW-70;205/55R16 /91Q /зима /ю.корея;991800;;;;;;;;114
R16;Austone ATHENA SP-9;205/55R16XL /94V /зима /китай;878700;;;;;;;;101
R16;Premiorri VIAMAGGIORE;205/55R16  /91T /зима /украина;843900;;;;;;;;97
R16;Michelin PRIMACY HP;205/55R16 /91H /лето /германия;1392000;;;;;;;;160
R16;Dunlop FASTRESPONSE;205/55R16  /91H /лето /германия;1374600;;;;;;;;158
R16;Kleber  Dynaxer HP3;205/55R16  /91H /лето /польша;1191900;;;;;;;;137
R16;Ceat  TORNADO;205/55R16XL  /94V  /лето /турция;1044000;;;;;;;;120
R16;Ceat  TORNADO;205/55R16 /91V /лето /турция;974400;;;;;;;;112
R16;Kormoran RUNPRO B2;205/55R16  /91H /лето /Сербия;965700;;;;;;;;111
R16;Matador-slov MP-44;205/55R16 /91H /лето /словакия;957000;;;;;;;;110
R16;Кама НК-129 Кама EURO;205/55R16  / /лето /россия;904800;;;;;;;;104
R16;Roadstone CP661;205/55R16 /91H /лето /китай;870000;;;;;;;;100
R16;Mentor M-350A;205/55R16 /91H /лето /сербия;783000;;;;;;;;90
R16;Белшина БЕЛ-201;205/55R16 / /лето /беларусь;783000;;;;;;;;90
R16;Marangoni ICE E+;205/60R16 /96T /зима /италия;1261500;;;;;;;;145
R16;Gislaved Euro*Frost 5;205/60R16XL /96H /зима /;1218000;;;;;;;;140
R16;Cooper W-M S/T2  Ш.;205/60R16 /92T /зима /англия;1191900;;;;;;;;137
R16;Matador-slov MP 59;205/60R16 /92H /зима /;1157100;;;;;;;;133
R16;Tigar SIGURA M+S шип;205/60R16XL   /96T /зима /сербия33.10;1139700;;;;;;;;131
R16;Roadstone WINGUARD-SNOW'G;205/60R16 /92H /зима /;1061400;;;;;;;;122
R16;Premiorri VIAMAGGIORE;205/60R16 /92T /зима /украина;817800;;;;;;;;94
R16;Michelin ENERGY SAVER;205/60R16 /92H /лето /;1653000;;;;;;;;190
R16;Riken Maystorm2 b2;205/60R16  /91H /лето /сербия;1131000;;;;;;;;130
R16;Kormoran RUNPRO B-2;205/60R16 /92H /лето /сербия;1131000;;;;;;;;130
R16;Hankook K425;205/60R16 /92H  /лето /ю.корея;1113600;;;;;;;;128
R16;Nexen   N-2000;205/60R16 / /лето /ю.корея49.08.;957000;;;;;;;;110
R16;Chengshan CSС-5;205/60R16  /92V /лето /китай;861300;;;;;;;;99
R16;Cooper Avalanche x-treme;205/65R16 /95T /зима /;1357200;;;;;;;;156
R16;Nokian HKPL 4 hip;215/55R16XL /97T /зима /россия17.07;1757400;;;;;;;;202
R16;Nokian WR G-2;215/55R16 /H /зима /россия45.09г.;1592100;;;;;;;;183
R16;Hankook W310;215/55R16   /93H /зима /ю.корея;1583400;;;;;;;;182
R16;Barum Polaris-3;215/55R16 /93 /зима /румыния38.11г.;1566000;;;;;;;;180
R16;Barum NORPOLARIS шип;215/55R16 /93Q /зима /германия31.08г.;1392000;;;;;;;;160
R16;Nokian  WR G2;215/55R16 /97V /зима /;1287600;;;;;;;;148
R16;Nokian  WR G2;215/55R16 /97H /зима /;1287600;;;;;;;;148
R16;Nokian  W+;215/55R16 /93T /зима /россия;1287600;;;;;;;;148
R16;Tigar SIGURA шип;215/55R16XL /97T /зима /сербия;1235400;;;;;;;;142
R16;Tigar HITRIS;215/55R16 / /лето /сербия;1131000;;;;;;;;130
R16;Белшина БЕЛ-203;215/55R16 / /лето /беларусь;800400;;;;;;;;92
R16;Michelin X-ICE 3;215/60R16XL /99Н /зима /;1957500;;;;;;;;225
R16;Nokian Hakkapelita R;215/60R16XL /99R /зима /россия;1827000;;;;;;;;210
R16;Continetal   CONTIVIKING 2;215/60R16XL /99T /зима /германия24.09;1609500;;;;;;;;185
R16;Firestone WINTERHAWK 2;215/60R16XL /99H /зима /франция;1600800;;;;;;;;184
R16;Good Year   ICE NAVI;215/60R16 /Q /зима /польша;1487700;;;;;;;;171
R16;Nokian  WR D3;215/60R16XL /99H /зима /;1566000;;;;;;;;180
R16;Roadstone WIN-231шип;215/60R16 / /зима /китай;1218000;;;;;;;;140
R16;Sunny  SN3830 SNOWMASTER;215/60R16 /99H /зима /;957000;;;;;;;;110
R16;Kleber DYNAXER HP3;215/60R16 /95H /лето /польша;1679100;;;;;;;;193
R16;Bridgestone Turanza ER300;215/60R16    /95H /лето /;1592100;;;;;;;;183
R16;Matador-slov MP44;215/60R16XL  /99H  /лето /словакия;1374600;;;;;;;;158
R16;Hankook K114;215/60R16 /95V /лето /венгрия;1305000;;;;;;;;150
R16;Hankook K425;215/60R16XL /99V  /лето /ю.корея;1261500;;;;;;;;145
R16;Nexen   Classe Premier 661;215/60R16  /95H /лето /китай;1131000;;;;;;;;130
R16;Premiorri SOLAZO;215/60R16 /95V /лето /украина;974400;;;;;;;;112
R16;Bf goodrich WINTER SLALOM KSI;215/65R16 / 98S TL  /зима /;1705200;;;;;;;;196
R16;Bridgestone BLIZZAK DMZ-3;215/65R16 /98Q /зима /;1653000;;;;;;;;190
R16;Nokian WR G-2;215/65R16XL /102H /зима /россия;1435500;;;;;;;;165
R16;Lassa SW-Era;215/65R16 /98T /зима /турция;1348500;;;;;;;;155
R16;Nokian Nodman Nodrman RS;215/65R16XL /102R /зима /;1305000;;;;;;;;150
R16;Кама Кама 515 шип.;215/65R16 / /зима /россия;957000;;;;;;;;110
R16;Кама Кама 515;215/65R16 / /зима /россия;913500;;;;;;;;105
R16;Bridgestone D689;215/65R16 / /все.з /япония;1783500;;;;;;;;205
R16;Michelin LATITUDE CROSS;215/65R16 /98T  /лето /франция;1783500;;;;;;;;205
R16;Bridgestone Dueller H/P Sport;215/65R16 /98H /лето /польша;1766100;;;;;;;;203
R16;Dunlop GRANDTREK AT3;215/65R16 /98H /все.з /тайланд47.10г.;1609500;;;;;;;;185
R16;Continental Contact 4x4;215/65R16 /98H /все.з. /словения11.12г.;1479000;;;;;;;;170
R16;Kumho   KH31;215/65R16  /98H /лето /китай;1331100;;;;;;;;153
R16;Nokian WR;225/50R16XL /96V /зима /;1131000;;;;;;;;130
R16;Nexen   CP-641;225/50R16 / /лето /ю.корея49.08.;1131000;;;;;;;;130
R16;Bf goodrich WINTER G;225/55R16 /95H /зима /;1479000;;;;;;;;170
R16;Nokian  W+;225/55R16 /95H /зима /россия;1392000;;;;;;;;160
R16;Roadstone WG-SPORT;225/55R16XL /99V /зима /;1305000;;;;;;;;150
R16;Cengshan  RS-W3.0 STARFIRE;225/55R16 /99V /зима /китай;1017900;;;;;;;;117
R16;Michelin PRIMACY HP;225/55R16 /95W  /лето /;2044500;;;;;;;;235
R16;Dunlop SP2000;225/55R16  /94W   /лето /япония;1844400;;;;;;;;212
R16;Roadstone N'BLUE HD;225/55R16XL /99H /лето /ю.корея03.12г.;1218000;;;;;;;;140
R16;Barum POLARIS-2;225/60R16XL /102H /зима /;1818300;;;;;;;;209
R16;Bf goodrich G-FORCE шип;225/60R16XL /102QXLTL  /зима /;1879200;;;;;;;;216
R16;Gislaved NORDFROST 5 шип;225/60R16XL /102T /зима /германия37.08г.;1531200;;;;;;;;176
R16;Roadstone(Б/У) WINGUARD(Б/У)3мм.07г.;225/60R16 / /зима /ю.корея;348000;;;;;;;;40
R16;Kumxo(marchal) MH-11;225/60R16XL /102H /лето /китай49.10г.;1305000;;;;;;;;150
R16;Cooper CS4 TOURING;225/60R16         /98T /лето /сша;1305000;;;;;;;;150
R16;Saulin SH402;225/60R16XL /102V /лето /;1226700;;;;;;;;141
R16;Sailun ATREZZO SH402;225/60R16 /98H /лето /китай;1131000;;;;;;;;130
R16;Yokohama      Guardex F700Z шип;235/60R16 /100Q /зима /;1827000;;;;;;;;210
R16;Hankook W310;235/60R16 /100H /зима /ю.корея;1740000;;;;;;;;200
R16;Yokohama     V-550;235/60R16XL /104W /лето /япония;2488200;;;;;;;;286
;;;0;;;;;;;;
R17;Barum  Bravuris-2;205/50R17   /89V /лето /румыния;1522500;;;;;;;;175
R17;Nexen   Classe Premier 641;205/50R17 /93V /лето /ю.корея;1313700;;;;;;;;151
R17;Nokian WR G-2;205/50R17XL /93V /зима /;1609500;;;;;;;;185
R17;Uniroyal MS+66 XL;205/50R17 / 93V /зима /Франция;1566000;;;;;;;;180
R17;Nokian WR;205/50R17XL /93V /зима /фины;1574700;;;;;;;;181
R17;Kormoran GAMMA B2;215/45R17 /87W /лето /;1531200;;;;;;;;176
R17;Fulda Kristall Supremo;215/50R17XL /95V /зима /германия;1914000;;;;;;;;220
R17;Hankook K110;215/50ZR17XL /95W /лето /венгрия;1531200;;;;;;;;176
R17;Infinity INF-05;215/50R17 /91W /лето /китай;957000;;;;;;;;110
R17;Nokian WR A-3;215/55R17XL /98V /зима /фины;1800900;;;;;;;;207
R17;Nokian WR A-3;215/55R17XL /98V /зима /фины;1696500;;;;;;;;195
R17;Roadstone WINGUARD;215/55R17 /94H /зима /корея45.11г.;1531200;;;;;;;;176
R17;Nokian Z;215/55ZR17 /94W /лето /япония;1914000;;;;;;;;220
R17;Gislaved Ultra Speed;215/55R17 /94W /лето /франция05.12г.;1670400;;;;;;;;192
R17;Bridgestone BLIZZAK REVO-GZ;215/60R17 /96S /зима /;2096700;;;;;;;;241
R17;Hankook W-409 шип;215/60R17 / /зима /;1800900;;;;;;;;207
R17;Nokian  WR G2 SUV;215/60R17XL /100V /зима /;1592100;;;;;;;;183
R17;Nexen  CP-641;215/60R17  /96H /лето /корея40.11г.;1331100;;;;;;;;153
R17;Nokian HKPL-5 шип;225/45R17XL /94T /зима /;2653500;;;;;;;;305
R17;Hankook W409;225/45R17XL /94T /зима /ю.корея;1853100;;;;;;;;213
R17;Lassa Snoways Era;225/45R17 /91H /зима /турция;1435500;;;;;;;;165
R17;Petlas SNOWMASTER W651;225/45R17 /94V /зима /турция;1392000;;;;;;;;160
R17;Michelin PS2;225/45R17 /91Y /лето /франция;2244600;;;;;;;;258
R17;Riken Maystorm2 b2;225/45R17   /94Y /лето /сербия;1365900;;;;;;;;157
R17;Austone SP-7 AT;225/45R17  /94W /лето /китай;1174500;;;;;;;;135
R17;Dunlop SP WINTER ICE01 шип;225/50R17 /98T /зима /япония;2018400;;;;;;;;232
R17;Continetal   CONTIWINTER.TS790;225/50R17 /94H /зима /;2070600;;;;;;;;238
R17;Hankook W-310;225/50R17XL /98V /зима /венгрия;1870500;;;;;;;;215
R17;Roadstone WG-SPORT;225/50R17XL /98V /зима /;1531200;;;;;;;;176
R17;Barum BRAVURIS 2;225/50ZR17XL /98W  /лето /германия;1957500;;;;;;;;225
R17;Hankook K-115;225/50R17 /98W /лето /венгрия;1653000;;;;;;;;190
R17;Sunitrac FOCUS9000;225/50R17XL  /98W /лето /китай;1000500;;;;;;;;115
R17;Sunny SN3630;225/50ZR17   /98W /лето /китай;957000;;;;;;;;110
R17;Michelin PRIMACY HP;225/55R17XL /101W /лето /;2853600;;;;;;;;328
R17;Cooper CS4 TOURING;225/55R17        /97T  /лето /сша;1618200;;;;;;;;186
R17;Nexen   CP 641;225/55R17 /97V /лето /ю.корея;1548600;;;;;;;;178
R17;Nexen   Winguard SPORT;225/55R17XL /101V /зима /;1800900;;;;;;;;207
R17;Nexen  CP-641;225/60R17  /99H /лето /корея06.12г.;1505100;;;;;;;;173
R17;Michelin X-ICE 3;225/60R17 /99H /зима /;2331600;;;;;;;;268
R17;Nokian  WR G2 SUV;225/60R17XL /103V /зима /;1870500;;;;;;;;215
R17;Vredestein ULTRAC;235/40R17 /W /лето /;1696500;;;;;;;;195
R17;Nokian HKPL 5 шип;235/45R17 /97T /зима /фины37.07;2192400;;;;;;;;252
R17;Roadstone WG-SPORT;235/45R17XL  /97V /зима /ю.корея27.11;1618200;;;;;;;;186
R17;Roadstone WG-SPORT XL;235/45R17XL /97V /зима /корея45.11г.;1479000;;;;;;;;170
R17;Michelin PRIMASY HP;235/45R17XL  /97W /лето /;2479500;;;;;;;;285
R17;Dunlop SP-Maxx;235/45R17    /97Y /лето /япония;2001000;;;;;;;;230
R17;Sunny SN3970;235/45ZR17  /97W  /лето /китай;1000500;;;;;;;;115
R17;Kumho   KW-27;235/50R17XL /96H /зима /китай;1774800;;;;;;;;204
R17;Good Year   Excellence;235/50R17 /96V /лето /китай23.11г.;2001000;;;;;;;;230
R17;Nokian  WR A-3;235/55R17XL /103H /зима /;2001000;;;;;;;;230
R17;Hankook W-409;235/55R17 /99T /зима /ю.корея;2009700;;;;;;;;231
R17;Rockstone Ecosnow;235/55R17 /108V /зима /россия;2009700;;;;;;;;231
R17;Hankook W310;235/55R17XL /103V /зима /;1870500;;;;;;;;215
R17;Roadstone WG-SPORT;235/55R17XL /103V /зима /ю.корея;1783500;;;;;;;;205
R17;Michelin Primacy HP;235/55R17      /99V    /лето /франция;3175500;;;;;;;;365
R17;MichelinБ/У Primacy HP;235/55R17XL(6мм.)      /103W /лето /франция08г.;1131000;;;;;;;;130
R17;Dunlop DIRENZZA DZ101;235/55R17 /99V /лето /тайланд;2053200;;;;;;;;236
R17;Good Yea Excellence;235/55R17 /99H /лето /германия48.11г.;2088000;;;;;;;;240
R17;Falken ZE-912;235/55R17 /99W /лето /тайланд31.10г.;1740000;;;;;;;;200
R17;Hankook K115;235/55R17XL /103W /лето /венгрия;1766100;;;;;;;;203
R17;Mastercraft Avenger Touring LSR;235/55R17 /99T /все.з /США;1583400;;;;;;;;182
R17;Nexen  CP-641;235/55R17 / /лето /корея;1400700;;;;;;;;161
R17;Hankook W310;245/45R17XL /99V /зима /ю.корея;2305500;;;;;;;;265
R17;Lassa Snoways;245/45R17 /99V /зима /турция;1740000;;;;;;;;200
R17;Petlas SNOWMASTER W651;245/45R17RF /99V /зима /турция32.12г.;1696500;;;;;;;;195
R17;Matador-slov MP-43;245/45ZR17 /95W /лето /словакия24.07.;1583400;;;;;;;;182
;;;0;;;;;;;;
R18;Roadstone WG-SPORT;225/40R18XL /92V /зима /;1374600;;;;;;;;158
R18;Kelly UHP;225/40R18XL /92W /лето /;1870500;;;;;;;;215
R18;Bridgestone DMV-1;225/55R18 /97/98Q /зима /япония;2740500;;;;;;;;315
R18;Roadstone WG-SPORT;235/40R18XL /95V /зима /корея36.11г.;1835700;;;;;;;;211
R18 ;Hankook VENTUS S1 evo K110;235/40ZR18 /95Y /лето /ю.корея;2262000;;;;;;;;260
R18 ;Pirelli Scorpion-ZERO asimetro;235/50R18   /97H /лето /англия;2331600;;;;;;;;268
R18;Toyo Proxes T1R;235/50R18 /101Y /лето /япония38.11г.;2218500;;;;;;;;255
R18 ;Hankook RA23;235/50R18 /97H  /лето /;2227200;;;;;;;;256
R18;Matador-slov MP85;235/50R18 /97V /лето /словакия;1914000;;;;;;;;220
R18 ;Petlas SNOWMASTER W651;245/40R18XL /97V /зима /турция;1618200;;;;;;;;186
R18 ;Sportiva Super Z;245/40R18 /97Y /лето /португалия46.10г.;2035800;;;;;;;;234
R18;Nokian HAKKA Z;245/45ZR18XL /100Y /лето /;2958000;;;;;;;;340
R18;Barum BRAVURIS 2;245/45ZR18 /96W /лето /португалия;2235900;;;;;;;;257
R18;Viking WINTERVIKIG-2 hip;245/50R18 / /зима /германия;2784000;;;;;;;;320
R18 ;Bridgestone ER30;245/50R18 /100W /лето /япония;3001500;;;;;;;;345
R18;Kumho   KU-31;245/50R18 /100W /лето /корея20.10г.;2175000;;;;;;;;250
R19 ;Michelin  X-ICE NORTH XIN2 шип;255/45R18 /103T /зима /;3480000;;;;;;;;400
R19 ;Michelin  PILOT SPORT PS2 MI;275/40R18 /99Y /лето /сша;2314200;;;;;;;;266
R19 ;Vredestein WINTRAC4XTREME;235/55R19 /101Q /зима /;3480000;;;;;;;;400
R19 ;Michelin LATITUDE TOUR HP;235/55R19 /101H /лето /италия;3697500;;;;;;;;425
R19 ;Yokohama     W.drive V902;255/40R19 /100V /зима /япония;3775800;;;;;;;;434
R19 ;Nokian WR A-3;255/40R19XL /100V /зима /;3741000;;;;;;;;430
R19 ;TOYO PROXES T1R;255/40R19 / / /япон 08 12;2784000;;;;;;;;320
R15;Dunlop SJ6;195/80R15 / /зима /япония;1374600;;;;;;;;158
R15;Белшина БЕЛ-11(с камерой);215/90-R15С / /все.з /(УАЗ);1000500;;;;;;;;115
R15;Cooper TRENDSETTER SE;225/75R15  /102S  /лето /;1261500;;;;;;;;145
R15;Maxxis AT771;225/75R15  /102S /лето /китай;1235400;;;;;;;;142
R15;Nokian WR G-2;235/75R15 /105T /зима /россия;1696500;;;;;;;;195
R15;Barum BRAVURIS 4X4;23575R15XL /109T /лето /чехия;1470300;;;;;;;;169
R15;Nokian HT SUV;235/75R15 /105T /лето /фины;1261500;;;;;;;;145
R15;Вшз VS-5;235/75R15 / /все.з /россия;1131000;;;;;;;;130
R15;Kама И-520;235/75R15 / /все.з /;1131000;;;;;;;;130
R15;Nexen Winguard 700;255/70R15 /108T /зима /ю.корея;1609500;;;;;;;;185
R15;Roadstone A/T (RV);265/70R15  /110T    /все.з /ю.корея;1696500;;;;;;;;195
R15;Dunlop Grandtrek AT3;265/70R15    /112T    /лето /тайланд;1679100;;;;;;;;193
R15;Dunlop AT3;31X10.5R15 / /все.з. /тайланд;1870500;;;;;;;;215
R15;Яр.ШЗ Я-471;31X10.5R15 / /все.з /;1131000;;;;;;;;130
R15;Yokohama(Б/У)  M/T G-001;33X12.5R15 / /все.з /70%протектора;1174500;;;;;;;;135
R16;Вшз ВЛИ-5 с камерой;175/80R16 / /все.з /россия;800400;;;;;;;;92
R16;Kumho   KC-11;205/80R16 /104Q /зима /ю.корея;1566000;;;;;;;;180
R16;Bf goodrich WINTER SLALOM KSI GO;215/70R16 / 100S TL  /зима /япония;1861800;;;;;;;;214
R16;Nokian  WR G2;215/70R16 /100H /зима /;1435500;;;;;;;;165
R16;Roadstone WINGUARD-SUV;215/70R16 /100T /зима /;1392000;;;;;;;;160
R16;Roadstone ST 701;215/70R16 M+S /104/102Q /все.з /ю.корея;1392000;;;;;;;;160
R16;Nexen   Classe Premier 521;215/70R16 /108/106Т /все.з /китай;1287600;;;;;;;;148
R16;Michelin LATITUDE TOUR HP;215/70R16 /100H /лето /франция;1800900;;;;;;;;207
R16;Кama Кама-235;215/70R16 /99 /все.з /россия;826500;;;;;;;;95
R16;Michelin  4x4 XPC XL;215/80R16  /107T /все.з /франция;1809600;;;;;;;;208
R16;Dunlop SP WINTER ICE01 шип;225/70R16 /103T /зима /япония;2018400;;;;;;;;232
R16;Hankook W-310;225/70R16 /103H /зима /венгрия;1696500;;;;;;;;195
R16;Dunlop Grandtrek AT3;225/70R16       /103T  /все.з. /тайланд;1592100;;;;;;;;183
R16;Nexen   Classe Premier 661;225/70R16  /103T /лето /китай;1183200;;;;;;;;136
R16;Triangle  TR787;225/75R16LT /Q /зима /;1435500;;;;;;;;165
R16;Nexen   Roadian A/T II;225/75R16 /115/112Q /все.з /ю.корея;1696500;;;;;;;;195
R16;Hankook RA-23;225/75R16 /104H /лето /ю.корея;1426800;;;;;;;;164
R16;Kama Кама-219;225/75R16  / /лето /россия;1044000;;;;;;;;120
R16;Nokian WR G2 SUV;235/70R16 /106H /зима /россия;1783500;;;;;;;;205
R16;Pirelli  ICE SNOW;235/70R16 /105T /зима /Англия;1722600;;;;;;;;198
R16;Pirelli Scorpion S/T;235/70R16   /105H /лето /англия;1635600;;;;;;;;188
R16;Nokian HAKKA SUV;235/70R16 /106T /лето /россия;1548600;;;;;;;;178
R16;Nokian HAKKA SUV;235/70R16 /106T /лето /россия;1461600;;;;;;;;168
R16;Avon Avon RANGER 70;235/70R16 /106H /лето /Англия;1566000;;;;;;;;180
R16;Nokian  Rotiiva AT;235/70R16 /109T /все.з /россия;0;;;;;;;;0
R16;Кama Кама-221;235/70R16 /109 /все.з /россия;974400;;;;;;;;112
R16;Nokian  Hakkapelita R SUV;245/70R16XL /111R /зима /россия;2044500;;;;;;;;235
R16;HANKOOK RW-11;245/70R16 /107T /зима /венгрия;1827000;;;;;;;;210
R16;Falken SL-112;245/70R16 / /зима /япония21.12г.;1827000;;;;;;;;210
R16;Matador-slov MP-92;245/70R16 /107T /зима /словакия;1696500;;;;;;;;195
R16;Bridgestone D689 H/T RF;245/70R16 /111S /все.з /тайланд;1966200;;;;;;;;226
R16;Nokian HAKKA SUV;245/70R16 /107T /лето /россия;1609500;;;;;;;;185
R16;Infinity INF-200;245/70R16 /107H /лето /CHINA;1348500;;;;;;;;155
R16;Bf goodrich BLIZZAK DM-V1;245/75R16  /109R  /зима /япония;2183700;;;;;;;;251
R16;Nokian HKPL SUV шип;255/65R16 /109T /зима /фины;1827000;;;;;;;;210
R16;Hankook W-310;255/65R16 /109H /зима /ю.корея;1740000;;;;;;;;200
R16;Roadstone WINGUARD-SUV;255/65R16  /106T /зима /;1653000;;;;;;;;190
R16;Cooper Discoverer M+S шип;255/70R16 / 111S /зима /;1914000;;;;;;;;220
R16;Continetal   Cross ContactLX;255/70R16 /111T /все.з /;1600800;;;;;;;;184
R16;Bf goodrich WINTER SLALOM KSI;265/70R16  /112S TL  /зима /;2131500;;;;;;;;245
R16;Nexen   RODIAN H/T(SUV);265/70R16M+S /112T /все.з /ю.корея;1609500;;;;;;;;185
R16;Hankook DYNAPRO HP RA 23;275/70R16 /114H /все.з /ю.корея;1800900;;;;;;;;207
R16;Nokian HKPL SUV-5 шип;275/70R16 /114T /зима /ю.корея;1922700;;;;;;;;221
R17;Nokian  Hakkapelita R SUV;225/65R17XL /106R /зима /россия;2044500;;;;;;;;235
R17;Nexen    Winguard SUV;225/65R17 /102H /зима /;1653000;;;;;;;;190
R17;Nokian WR G-2 SUV;225/65R17XL /106H /зима /;1870500;;;;;;;;215
R17;Maxxis MASUW hip;225/65R17 /102T /зима /китай13.11г.;1696500;;;;;;;;195
R17;Saulin ICE BLAZER;225/65R17 /102S /зима /;1566000;;;;;;;;180
R17;Michelin LATITUDE TOUR HP;235/65R17 /108H  /лето /франция;2540400;;;;;;;;292
R17;Vredestein Ultrac Sessanta SUV;235/65R17  /108V /лето /нидерланды;2279400;;;;;;;;262
R17;Pirelli Scorpion-ZERO asimetro;235/65R17   /104H /лето /англия;2088000;;;;;;;;240
R17;Nokian HAKKA SUV;235/65R17XL  /108H /лето /россия;2088000;;;;;;;;240
R17;Barum BRAVURIS 4X4;23565R17XL /108V /лето /словения;1922700;;;;;;;;221
R17;Roadstone RODIAN H/T(SUV);235/65R17M+S / /все.з /ю.корея;1609500;;;;;;;;185
R17;Nokian  Hakkapelita R SUV;235/65R17XL /108R /зима /россия;2262000;;;;;;;;260
R17;Hankook W310;235/65R17XL  /108V /зима /ю.корея;2227200;;;;;;;;256
R17;Dunlop SP WINTER ICE01 шип;235/65R17 /108T /зима /япония;2166300;;;;;;;;249
R17;Hankook W310;235/65R17XL  /108V /зима /ю.корея;2157600;;;;;;;;248
R17;Pirelli ICE SNOW;245/65R17XL / /зима /румыния20.11г.;2392500;;;;;;;;275
R17;Hankook RA-23;245/65R17 /107H /все.з /ю.корея;2053200;;;;;;;;236
R17;Hankook RA-25;245/65R17 /107H /все.з /ю.корея;1922700;;;;;;;;221
R17;Nokian   HKPL-SUV;255/55R17 /104T /зима /фины06.07г.;1740000;;;;;;;;200
R17;Pirelli Scorpion-ZERO asimetro;255/55R17   /104V /лето /Германия;2175000;;;;;;;;250
R17;Hankook W-310;255/60R17 /106H /зима /венгрия;2436000;;;;;;;;280
R17;Good Year   Wrangler HP;255/65R17        /110H /лето /германия;2827500;;;;;;;;325
R17;Roadstone ROADIAN HP;255/65R17XL  /114H /лето /ю.корея;2175000;;;;;;;;250
R17;Nokian  Hakkapelita R SUV;265/65R17XL /116R /зима /россия;2523000;;;;;;;;290
R17;Pirelli SCORPION ICE SNOW;265/65R17 / T /зима /;2523000;;;;;;;;290
R17;Dunlop SP WINTER ICE01 шип;265/65R17 /112T /зима /япония;2409900;;;;;;;;277
R17;Nokian  WR G2;265/65R17 /116H /зима /;1740000;;;;;;;;200
R17;Continetal   Cross Contact AT;265/65R17 /112T /все.з /;2001000;;;;;;;;230
R17;Nokian  Hakkapelita R SUV;265/70R17 /115R /зима /россия;2784000;;;;;;;;320
R17;Nokian WR G-2 SUV;265/70R17 /115H /зима /;2088000;;;;;;;;240
R17;Roadstone Roadian AT-2;265/70R17 /112/110Q /все.з /ю.корея47.10г.;1914000;;;;;;;;220
R17;Nokian HKPL SUV-5 шип;275/55R17XL /113T /зима /;1792200;;;;;;;;206
R17;Hankook RH06;275/55R17 /109V /лето /венгрия;1974900;;;;;;;;227
R17;Nokian HKPL SUV-1 шип;275/60R17 /114T /зима /;1940100;;;;;;;;223
R17;Roadstone RODIAN H/P;275/60R17 /110V /лето /ю.корея;1522500;;;;;;;;175
R17;Hankook RA23;275/65R17 /115H /лето /;1914000;;;;;;;;220
R17;Yokohama     Geolandar I/T+ (G072);275/65R17 /114Q /зима /япония;2349000;;;;;;;;270
R17;Nokian  HKPL R SUV;275/65R17XL /119R /зима /россия52.07г.;2262000;;;;;;;;260
R17;Nokian HKPL R SUV;285/65R17  /116R  /зима /;2914500;;;;;;;;335
R17;Maxxis AT771;285/65R17 /116S / /CHINA;1957500;;;;;;;;225
R17;Bridgestone DMV-1;285/70R17 /117R /зима /;2871000;;;;;;;;330
R17;Firestone Destination A/T;285/70R17 /117T /все.з. /канада51.10г;2610000;;;;;;;;300
R18;Nokian HT SUV;225/60R18XL /104H /лето /россия;2436000;;;;;;;;280
R18;Nokian  R;225/60R18 /104R /зима /;2044500;;;;;;;;235
R18;Vredestein WINTRAC XTREME;225/60R18XL /V /зима /германия28.08г.;2027100;;;;;;;;233
R18;Dunlop GRANDTREK SJ6;225/65R18 /103Q /зима /япония09.09г.;2122800;;;;;;;;244
R18;Nokian HKPL SUV-5 шип;225/65R18 / /зима /;2122800;;;;;;;;244
R18;Yokohama     G051 GEOLANDAR H/T-S;225/65R18 /103H /лето /япония;2088000;;;;;;;;240
R18;Michelin LATITUDE TOUR HP;235/55R18 /100H /лето /франция;3219000;;;;;;;;370
R18;Continetal   SPORT CONTACT 5 SU;235/55R18 /100V /лето /чехия;3062400;;;;;;;;352
R18;Hankook RH-06;235/55R18 /100V /все.з /ю.корея;2035800;;;;;;;;234
R18;Achilles DESERT HAWK H/T;235/55R18XL  /104H /лето /китай;1522500;;;;;;;;175
R18;Bridgestone ICE CRUISER 7000 шип;235/55R18 /100T  /зима /япония;2827500;;;;;;;;325
R18;Hankook W-310;235/60R18 /103H /зима /ю.корея;2305500;;;;;;;;265
R18;Rockstone ECO SNOW SUV;235/60R18XL /107V /зима /россия;1940100;;;;;;;;223
R18;Nokian  WR G2 SUV;235/60R18XL /107V /зима /;1740000;;;;;;;;200
R18;Pirelli Scorpion-ZERO asimetro;235/60R18   /103H /лето /Румыния;2697000;;;;;;;;310
R18;Good Year   EXCELLENCE (AO);235/60R18 /103W /лето /китай;2523000;;;;;;;;290
R18;Pirelli Scorpion-A/T (N0);235/60R18XL  /107T /лето /англия;2349000;;;;;;;;270
R18;Hankook RH-07;235/60R18 /V /лето /венгрия;2001000;;;;;;;;230
R18;Yokohama     Geolandar I/T+ (G073);235/65R18 /106Q /зима /япония;2175000;;;;;;;;250
R18;Cooper Weathermaster WSC шип;245/60R18 /105T /зима /;2653500;;;;;;;;305
R18;Nexen   ROADIAN H/T(SUV);245/60R18         /104H /лето /корея;2070600;;;;;;;;238
R18;Nokian  Hakkapelita R SUV;255/55R18XL /109R /зима /россия;2566500;;;;;;;;295
R18;Dunlop SP WINTER ICE01 шип;255/55R18 /109T /зима /япония;2418600;;;;;;;;278
R18;Hankook W-310;255/55R18XL /109V /зима /венгрия;2305500;;;;;;;;265
R18;Hankook RW-11;255/55R18XL /109T /зима /ю.корея;2140200;;;;;;;;246
R18;Cooper(б/у) DISCOVERER M+S шип;255/55R18  /109S /зима /7 мм.;522000;;;;;;;;60
R18;Matador-slov MP85;255/55R18XL /109W /лето /словакия;1957500;;;;;;;;225
R18;Nokian HKPL R SUV;255/60R18XL / 112R /зима /;2966700;;;;;;;;341
R18;Lassa Competus H/P;255/60R18 / /лето /52.11г.;2018400;;;;;;;;232
R18;Dunlop  SP WINTER  400;265/55R18 / 108H  /зима /япония;2627400;;;;;;;;302
R18;Dunlop SP WINTER ICE01;265/60R18  / 110T /зима /япония;2636100;;;;;;;;303
R18;Nokian WR G-2 SUV;265/60R18 /114H /зима /россия;2436000;;;;;;;;280
R18;Cooper DISCOVERER H/T PLUS;265/60R18XL /114T /лето /америка;2279400;;;;;;;;262
R18;Continetal   Cross Contact LX;265/60R18 /110T /все.з /;2175000;;;;;;;;250
R18;Bridgestone D684 II;265/65R18 /112S  /все.з /канада;2931900;;;;;;;;337
R18;Bridgestone DMV-1;275/60R18 / R /зима /япония;3045000;;;;;;;;350
R18;Nokian HKPL SUV-5 шип;275/60R18 XL  /117T /зима /Россия;2444700;;;;;;;;281
R18;Dunlop ICE 01;285/60R18 /116T /зима /япония;2784000;;;;;;;;320
R18;Yokohama     GEOLANDAR A/TS(G012);275/60R18 /112H /все.з. /япония42.10г.;2697000;;;;;;;;310
R18;Hankook RH06;285/60R18 /116V /лето /венгрия;2697000;;;;;;;;310
R18;Nokian HAKKA SUV;285/60R18  / /лето /россия;2610000;;;;;;;;300
R19 ;Vredestein Ultrac Sessanta SUV;255/50R19   /107Y /лето /нидерланды;3697500;;;;;;;;425
R19 ;Sunitrac FOCUS9000;255/50R19XL  /107W /лето /китай;1653000;;;;;;;;190
R19 ;Pirelli SCORPION ICE SNOW;255/50R19+285/45R19 / /зима /англия35.10;3915000;;;;;;;;450
R19 ;Dunlop GRANDTREK SJ6;255/50R19 /107Q /зима /япония;2975400;;;;;;;;342
R19 ;Rockstone Ecosnow SUV;255/50R19 / /зима /россия;2697000;;;;;;;;310
R19 ;Nokian  WR G2 SUV;255/50R19XL /107V /зима /;2436000;;;;;;;;280
R19 ;Michelin LATITUDE X-ICE NORTH2 шип;255/55R19 /111V  /зима /венгрия;4089000;;;;;;;;470
R19 ;Nokian HKPL SUV 5 шип;255/55R19XL /111T /зима /россия;3306000;;;;;;;;380
R19 ;Nokian  Hakkapelita R SUV;255/55R19XL /111R /зима /россия;2914500;;;;;;;;335
R19 ;Pirelli S-ZERO;255/55R19 XL  /111V /лето /Румыния;3262500;;;;;;;;375
R19 ;Vredestein Ultrac Sessanta SUV;255/55R19  /111W /лето /нидерланды;3045000;;;;;;;;350
R19 ;Yokohama     G073;265/50R19 / /зима /япония;3567000;;;;;;;;410
R19 ;Pirelli VEDE Scorpion ZERO(N0);265/50R19XL   /110Y /лето /англия;3828000;;;;;;;;440
R19 ;Nokian HKPL R SUV;275/55R19XL /115R /зима /россия;3810600;;;;;;;;438
R19 ;Pirelli SCORPION ICE SNOW;285/45R19+255/50R19 / /зима /;3915000;;;;;;;;450
R19 ;Good Year   Wrangler F1 (WRL-2);285/45R19       /107V /лето /германия;4045500;;;;;;;;465
R19 ;Vredestein Ultrac Sessanta SUV;285/45R19  /107Y /лето /нидерланды;3654000;;;;;;;;420
R19 ;Cooper ZEON 4XS;285/45R19 /107V /лето /америка;2914500;;;;;;;;335
R19 ;Hankook VENTUS ST RH06;285/45R19XL /111W /лето /ю.корея;2697000;;;;;;;;310
R20;Bridgestone ICE CRUISER-7000 шип;245/50R20         /102T /зима /;3393000;;;;;;;;390
R20;Bridgestone DMV-1;255/55R20 /107R /зима /;3523500;;;;;;;;405
R20;HANKOOK RW-11;265/50R20 /106T /зима /ю.корея;2914500;;;;;;;;335
R20;Kumho   SOLUS KL21;265/50R20 /107V /лето /вьетнам;2262000;;;;;;;;260
R20;Nokian WR G-2;275/40R20XL /106V /зима /россия;3358200;;;;;;;;386
R20;Nokian  Hakkapelita R SUV;275/40R20XL /106R /зима /россия;3175500;;;;;;;;365
R20;Hankook W310;275/40R20XL /106V /зима /;2914500;;;;;;;;335
R20;Good Year   WRANGLER F1;275/40R20+315/35R20 /102W /лето /германия;3828000;;;;;;;;440
R20;Toyo  Proxes ST;275/40R20 /106W /лето /япония;2653500;;;;;;;;305
R20;Sunitrac FOCUS9000;275/40R20XL  /106W  /лето /китай;1566000;;;;;;;;180
R20;Yokohama     Geolandar I/T+ (G073);275/45R20 /110Q /зима /япония;3636600;;;;;;;;418
R20;Pirelli Scorpion-ZERO asimetro;275/45R20XL /110H /лето /англия;3314700;;;;;;;;381
R20;Nexen   RO-HP;275/45R20XL /110V /лето /ю.корея01.11г.;2366400;;;;;;;;272
R20;Cooper  Discoverer M+S шип;275/55R20 /117S /зима /;3323400;;;;;;;;382
R20;Cooper  Discoverer M+S шип;275/60R20 /119S /зима /;3445200;;;;;;;;396
R20;Toyo Proxes ST;285/50R20 /116V /лето /сша37.11г.;2914500;;;;;;;;335
R20;Good Year   WRANGLER F1;315/35R20+275/40R20 /106W  /лето /германия;4089000;;;;;;;;470
R20;Bridgestone Dueler Sport;315/35R20+275/40R20 /110Y /лето /япония28.11г.;3480000;;;;;;;;400
R21;Yokohama     Geolandar I/T+ (G072);265/45R21 /104Q   /зима /;3480000;;;;;;;;400
R14C;Nokian HAKKA C VAN;165/70R14C /89/87S /лето /;913500;;;;;;;;105
R14C;Tigar CARGO SPEED B3;165/70R14C /89/87R  /все.з /сербия06.11г.;904800;;;;;;;;104
R14C;Gt radial MAXMILER WT;165/70R14C /89/87M /зима /индонез.27.12г.;809100;;;;;;;;93
R14C;Wanli WINTER CHALLENGER S-2090;165/70R14C /89/87R /зима /;783000;;;;;;;;90
R14C;Maxxis MAW2;175/65R14C /90/88T /зима /;800400;;;;;;;;92
R14C;Hankook RW06;185R14C   /102/100Q /зима /ю.корея;974400;;;;;;;;112
R14C;Tigar Cargo Winter;185R14C /R /зима /сербия;957000;;;;;;;;110
R14C;Matador-slov MPS 520;185R14C /102/100R /зима /словакия;904800;;;;;;;;104
R14C;Gt radial MAXMILER WT;185R14C  /102/100 Q /зима /индонез.29.12г.;896100;;;;;;;;103
R14C;Barum SNO VANIS;185R14C /102/100Q /зима /;887400;;;;;;;;102
R14C;Nexen   SV820;185R14C /102/100P /все.з /китай;887400;;;;;;;;102
R14C;Matador-slov MPS 320;185R14C  /102/100R /лето /словакия;826500;;;;;;;;95
R14C;Яр.ШЗ Я-538;185R14C /102/100P /все.з /россия;739500;;;;;;;;85
R14C;Matador-slov MP-520;195R14C /106/104R /зима /словакия;1087500;;;;;;;;125
R14C;Sava Trenta M&S;195R14C /106/104P /зима /;1044000;;;;;;;;120
R14C;Gt radial MAXMILER WT;195R14C / 106/104 Q /зима /индонез.30.12г.;1017900;;;;;;;;117
R14C;Nokian NRC2;195R14C /106/104S  /лето /финляндия;1165800;;;;;;;;134
R14C;Matador-slov MPS 320;195R14C  / /лето /словакия;1000500;;;;;;;;115
R14C;Sava TRENTA;195R14C /106/104P /лето /;974400;;;;;;;;112
R14C;Sava Trenta M&S;205R14C /109/107P /зима /;1278900;;;;;;;;147
R14C;Gt radial MAXMILER WT;205R14C /109/107 Q /зима /индонез.20.12г.;1174500;;;;;;;;135
R15C;Barum SNOVANIS;195/70R15XL /97T /зима /;1157100;;;;;;;;133
R15C;Barum OR56 CARGO;195/70R15RF     /97T /лето /;809100;;;;;;;;93
R15C;Bf goodrich ACTIVAN WI;195/70R15C  /104/102T /зима /;1357200;;;;;;;;156
R15C;Nokian WR C VAN;195/70R15C /104/102S /зима /финляндия;1287600;;;;;;;;148
R15C;Hankook RW06;195/70R15C /104/102R /зима /;1131000;;;;;;;;130
R15C;Nexen   Euro-win;195/70R15С /104/102R /зима /корея24.11г.;1131000;;;;;;;;130
R15C;Gt radial MAXMILER WT;195/70R15C /104/102R /зима /индонез.31.12г.;1044000;;;;;;;;120
R15C;Michelin AGILIS GRNX;195/70R15C / /лето /польша;1479000;;;;;;;;170
R15C;Tigar CARGO SPEED;195/70R15C  /104/102R /лето /сербия;974400;;;;;;;;112
R15C;Chengshan CSR71;195/70R15C /102/104N /лето /китай;826500;;;;;;;;95
R15C;Amtel K-192;195/70R15C /104/102R /все.з /россия;817800;;;;;;;;94
R15C;Rosava БЦ-15;195/75R15C  / /все.з /украина;817800;;;;;;;;94
R15C;Nexen   SV820;195R15C /106/104R /все.з /ю.корея;1113600;;;;;;;;128
R15C;АМТЕЛ 308B Cargo LT;205/65R15C / /лето /россия;887400;;;;;;;;102
R15C;Matador-slov MP-520;205/65R15C /102/100T /зима /словакия;1218000;;;;;;;;140
R15C;Gt radial MAXMILER WT;205/65R15C /102/100T /зима /индонез.27.12г.;1070100;;;;;;;;123
R15C;Bridgestone W800;205/70R15C   /106/104R /зима /япония;1435500;;;;;;;;165
R15C;Yokohama     Y354;205/70R15C /106/104R /зима /;1218000;;;;;;;;140
R15C;Sava TRENTA;205/70R15C /106I104R /лето /турция;1235400;;;;;;;;142
R15C;Nexen    Roadian A/T;205/70R15C /104/102Т /все.з /ю.корея;1261500;;;;;;;;145
R15C;Kama HK-131 KAMA EURO;205/70R15C / /лето /россия;974400;;;;;;;;112
R15C;Белшина БЕЛ-143;205/70R15С / /все.з. /;765600;;;;;;;;88
R15C;Nokian  WR C CARGO;225/70R15C /112/110S /зима /финляндия;1740000;;;;;;;;200
R15C;Firestone VANHWIN;225/70R15C /112/110R /зима /испания27.12г.;1670400;;;;;;;;192
R15C;Bf goodrich ACTIVAN WINTER;225/70R15C /112/110R /зима /;1566000;;;;;;;;180
R15C;Firestone VAHHWIN;225/70R15C /112/110R /зима /;1566000;;;;;;;;180
R15C;Hankook RW06;225/70R15C /112/110R /зима /;1522500;;;;;;;;175
R15C;Roadstone EURO-WIN 700;225/70R15C /112/110R /зима /;1365900;;;;;;;;157
R15C;Nexen Win-231;225/70R15C /112/110Q /зима /китай;1261500;;;;;;;;145
R15C;Nokian HAKKA C CARGO;225/70R15C /112/110S /лето /финляндия;1687800;;;;;;;;194
R15C;Firestone VANHAWK;225/70R15C /112/110R /лето /турция;1566000;;;;;;;;180
R15C;Roadstone AT(RV);225/70R15C /112/110R /все.з /ю.корея;1357200;;;;;;;;156
R15C;Chengestan CSR48;225/70R15C /12/110R /лето /китай;1044000;;;;;;;;120
R16C;Gt radial  MAXMILER WT;175/75R16C /101/99 R /зима /индонезия;1235400;;;;;;;;142
R16C;Pirelli CHRONO;175/75R16C   /101R /лето /Турция;1252800;;;;;;;;144
R16C;Белшина БИ-522 с камерой;175R16C M+S / /все.з /беларусь;835200;;;;;;;;96
R16C;Кама EURO-520 шип.;185/75R16C / /зима /россия;1026600;;;;;;;;118
R16C;Кама Кама EURO-520;185/75R16C / /зима /россия;974400;;;;;;;;112
R16C;Rosava LTW-301;185/75R16C / /зима /;887400;;;;;;;;102
R16C;Nexen   Classe Premier 321;185/75R16C /104/102T /все.з /китай;1287600;;;;;;;;148
R16C;Kama НК 131 Кама EURO;185/75R16C  / /лето /россия;991800;;;;;;;;114
R16C;OVATION V-02;185/75R16C / /лето /китай;939600;;;;;;;;108
R16C;Белшина БЕЛ-109(с камерой);185/75R16CM+S / /все.з /беларусь;835200;;;;;;;;96
R16C;Matador-slov MPS320;195/60R16C /99/97T /лето /словакия;1261500;;;;;;;;145
R16C;Sava TRENTA M+S;195/65R16C /107/105Q /зима /;1305000;;;;;;;;150
R16C;Gt radial MAXMILER WT;195/65R16C /104/102T /зима /индонез.30.12г.;1183200;;;;;;;;136
R16C;Roadstone CP321;195/65R16C  /104/102T   /лето /китай;1270200;;;;;;;;146
R16C;Michelin AGILIS GRNX;195/75R16C / /лето /польша;1696500;;;;;;;;195
R16C;Nokian HAKKA C CARGO;195/75R16C / /лето /фины;1479000;;;;;;;;170
R16C;Nokian HAKKA C CARGO;195/75R16C / /лето /фины;1392000;;;;;;;;160
R16C;Matador-slov MPS125;195/75R16C   /107/105R /лето /словакия;1331100;;;;;;;;153
R16C;Sava TRENTA;195/75R16C /107/105Q /лето /турция 9.11г.;1313700;;;;;;;;151
R16C;Matador-slov MP320;195/75R16C   /107/105R /лето /словакия;1261500;;;;;;;;145
R16C;Michelin AGILIS ALPIN;195/75R16C  /107/105R  /зима /;2001000;;;;;;;;230
R16C;Nokian  WR C CARGO;195/75R16C /107/105S /зима /россия;1479000;;;;;;;;170
R16C;Gt radial MAXMILER WT;195/75R16C /107/105R /зима /индонез.35.12г.;1252800;;;;;;;;144
R16C;Amtel K-139 ( с камерой);195/80R16C /L /все.з /россия;930900;;;;;;;;107
R16C;Firestone VANHWIN;205/65R16C /107/105R /зима /Турция;1740000;;;;;;;;200
R16C;Hankook RW06;205/65R16C /107/105T /зима /;1479000;;;;;;;;170
R16C;Nexen   EURO-WIN 650;205/65R16C  /107/105R /зима /ю.корея;1392000;;;;;;;;160
R16C;Gt radial MAXMILER WT;205/65R16C /107/105T /зима /индонез.31.12г.;1305000;;;;;;;;150
R16C;Roadstone CP321;205/65R16C /107/105R /лето /китай;1339800;;;;;;;;154
R16C;Bridgestone W800;205/75R16C /110/108R /зима /япония;1957500;;;;;;;;225
R16C;Firestone VANHWIN LAML;205/75R16C  /110/108R  /зима /турция;1722600;;;;;;;;198
R16C;Bridgestone NORANZA-VAN hip;205/75R16C /110/108R /зима /япония;1696500;;;;;;;;195
R16C;Matador-slov MP-520;205/75R16C /110/108R /зима /словакия;1435500;;;;;;;;165
R16C;Кама Кама EURO-520;205/75R16C /110/108R /зима /россия;1131000;;;;;;;;130
R16C;Kormoran VANPRO B2;205/75R16C /110/108P /лето /сербия;1287600;;;;;;;;148
R16C;Tigar TG-725;205/75R16C /110/108P /лето /сербия;1270200;;;;;;;;146
R16C;Кama НК 131 Кама EURO;205/75R16C  / /лето /россия;1017900;;;;;;;;117
R16C;Austone CSR71;205/75R16C /108/110Q /лето /китай;974400;;;;;;;;112
R16C;Gislaved NORD FROST VAN hip;215/65R16C /109/107R /зима /;1957500;;;;;;;;225
R16C;Firestone WINH-C LAML;215/65R16C /106/104T /зима /;1740000;;;;;;;;200
R16C;Tigar Cargo Winter под шип;215/65R16C /106/104T /зима /сербия;1626900;;;;;;;;187
R16C;Nokian  WR C CARGO;215/65R16C /109/107T /зима /фины;1609500;;;;;;;;185
R16C;Nexen   Euro-win;215/65R16С  /109/107R /зима /;1505100;;;;;;;;173
R16C;Nexen   Euro-win;215/65R16С  /109/107R /зима /;1635600;;;;;;;;188
R16C;Matador-slov MPS 520;215/65R16C /109/107R /зима /словакия;1522500;;;;;;;;175
R16C;Sava Trenta M&S;215/65R16C /106/104T /зима /;1522500;;;;;;;;175
R16C;Sava Trenta M&S;215/65R16C /106/104T /зима /;1444200;;;;;;;;166
R16C;Gt radial MAXMILER WT;215/65R16C /109/107R /зима /индонез.31.12г.;1392000;;;;;;;;160
R16C;Good Year   Cargo MARATHON;215/65R16С       /106/104T /лето /турция;2001000;;;;;;;;230
R16C;Nokian HAKKA C VAN;215/65R16C /109/107T /лето /фины;1870500;;;;;;;;215
R16C;Roadstone CP321;215/65R16C /109/107T  /лето /китай;1357200;;;;;;;;156
R16C;Wanli Transporter;215/65R16C / /лето /;1044000;;;;;;;;120
R16C;Hankook RW06;215/75R16C /113/111R  /зима /;1783500;;;;;;;;205
R16C;Tigar SPEED WINTER шип;215/75R16C / 113/111R /зима /сербия24.12г.;1548600;;;;;;;;178
R16C;Nexen   Classe Premier 321;215/75R16C  /116/114Q /все.з /ю.корея;1566000;;;;;;;;180
R16C;Austone CSR71;215/75R16C  /111/113Q /лето /китай;1191900;;;;;;;;137
R16C;Gt radial MAXMILER WT;225/65R16C /112/110R /зима /индонез.31.12г.;1566000;;;;;;;;180
R16C;Toyo H-09;225/75R16C /121/120Q /зима /япония21.12г.;2105400;;;;;;;;242
R16C;Gt radial MAXMILER WT;225/75R16C /118/116R /зима /индонез.31.12г.;1827000;;;;;;;;210
R16C;Barum VANIS;225/75R16C /121/120R /лето /;2140200;;;;;;;;246
R16C;Sava TRENTA;225/75R16C  /121/120M /лето /;1914000;;;;;;;;220
R16C;Nokian   WR C CARGO;235/65R16C /121/119R /зима /фины39.08г.;2192400;;;;;;;;252
R16C;Firestone VANHWIN;235/65R16C /115/113R /зима /испания47.11г.;2140200;;;;;;;;246
R16C;Gt radial MAXMILER WT;235/65R16C /115/110R /зима /индонез.31.12г.;1740000;;;;;;;;200
R16C;Matador-slov MPS 125;235/65R16C /121/119N  /все.з /словакия;1740000;;;;;;;;200
R16C;Roadstone CP321;235/65R16C  /115/113T /лето /китай;1609500;;;;;;;;185
R16C;Infinity INF-100;235/65R16C /115/113R  /лето /китай;1305000;;;;;;;;150
R17C;Good Year   CARGO VECTOR;215/60R17C /109/107T  /лето /германия;2175000;;;;;;;;250
